Pixel,UpperAuto,UpperManual,UpperMean,BottomAuto,BottomManual,BottomMean,ErrorUpperAuto,ErrorUpperManual,ErrorBottomAuto,ErrorBottomManual,StdErrorUpperAuto,StdErrorUpperManual,StdErrorBottomAuto,StdErrorBottomManual,PercentErrorUpperAuto,PercentErrorUpperManual,PercentErrorBottomAuto,PercentErrorBottomManual
199,-180,-180,-178.76501,-183,-182.6,-184.60411,-1.23499,-1.23499,1.60411,2.00411,1.52521,1.52521,2.57315,4.01644,0.0019834,0.0019834,0.0033461,0.0052229
200,-180,-180,-178.70773,-183,-182.6,-184.56557,-1.29227,-1.29227,1.56557,1.96557,1.66996,1.66996,2.45102,3.86347,0.0021716,0.0021716,0.0031873,0.005024
201,-180,-180,-178.65045,-183,-182.6,-184.52704,-1.34955,-1.34955,1.52704,1.92704,1.82128,1.82128,2.33185,3.71348,0.0023684,0.0023684,0.0030323,0.004829
202,-180,-180,-178.59743,-183,-182.6,-184.48851,-1.40257,-1.40257,1.48851,1.88851,1.96721,1.96721,2.21565,3.56646,0.0025581,0.0025581,0.0028812,0.0046378
203,-180,-180,-178.58932,-183,-182.6,-184.44997,-1.41068,-1.41068,1.44997,1.84997,1.99003,1.99003,2.10243,3.4224,0.0025878,0.0025878,0.002734,0.0044505
204,-180,-180,-178.58734,-183,-182.6,-184.41144,-1.41266,-1.41266,1.41144,1.81144,1.9956,1.9956,1.99217,3.28132,0.0025951,0.0025951,0.0025906,0.004267
205,-180,-180,-178.58601,-183,-182.6,-184.37187,-1.41399,-1.41399,1.37187,1.77187,1.99937,1.99937,1.88202,3.13951,0.0026,0.0026,0.0024474,0.0040826
206,-180,-180,-178.58467,-183,-182.6,-184.33119,-1.41533,-1.41533,1.33119,1.73119,2.00316,2.00316,1.77208,2.99703,0.0026049,0.0026049,0.0023044,0.0038973
207,-180,-180,-178.58333,-183,-182.6,-184.29052,-1.41667,-1.41667,1.29052,1.69052,2.00694,2.00694,1.66545,2.85786,0.0026098,0.0026098,0.0021657,0.0037163
208,-180,-180,-178.58267,-182.9,-182.6,-184.24985,-1.41733,-1.41733,1.34985,1.64985,2.00883,2.00883,1.82209,2.722,0.0026123,0.0026123,0.0023694,0.0035397
209,-180,-180,-178.58148,-182.9,-182.6,-184.20918,-1.41852,-1.41852,1.30918,1.60918,2.01219,2.01219,1.71394,2.58945,0.0026166,0.0026166,0.0022288,0.0033673
210,-180,-180,-178.57832,-182.9,-182.6,-184.1685,-1.42168,-1.42168,1.2685,1.5685,2.02117,2.02117,1.6091,2.46021,0.0026283,0.0026283,0.0020925,0.0031992
211,-180,-180,-178.57516,-182.9,-182.6,-184.12783,-1.42484,-1.42484,1.22783,1.52783,2.03016,2.03016,1.50757,2.33427,0.00264,0.00264,0.0019604,0.0030355
212,-180,-180,-178.572,-182.9,-182.6,-184.08689,-1.428,-1.428,1.18689,1.48689,2.03918,2.03918,1.40872,2.21085,0.0026517,0.0026517,0.0018319,0.002875
213,-179.9,-179.9,-178.56884,-182.8,-182.6,-184.04591,-1.33116,-1.33116,1.24591,1.44591,1.77199,1.77199,1.55229,2.09066,0.0023043,0.0023043,0.0020186,0.0027187
214,-179.9,-179.9,-178.56568,-182.8,-182.6,-184.00493,-1.33432,-1.33432,1.20493,1.40493,1.78042,1.78042,1.45185,1.97382,0.0023152,0.0023152,0.001888,0.0025667
215,-179.9,-179.9,-178.56252,-182.8,-182.6,-183.97036,-1.33748,-1.33748,1.17036,1.37036,1.78886,1.78886,1.36975,1.87789,0.0023262,0.0023262,0.0017812,0.002442
216,-179.8,-179.8,-178.55936,-182.8,-182.6,-183.93596,-1.24064,-1.24064,1.13596,1.33596,1.5392,1.5392,1.29041,1.78479,0.0020016,0.0020016,0.001678,0.0023209
217,-179.8,-179.8,-178.55637,-182.7,-182.6,-183.90156,-1.24363,-1.24363,1.20156,1.30156,1.54661,1.54661,1.44375,1.69406,0.0020112,0.0020112,0.0018774,0.0022029
218,-179.7,-179.7,-178.55366,-182.7,-182.6,-183.86716,-1.14634,-1.14634,1.16716,1.26716,1.31409,1.31409,1.36226,1.6057,0.0017088,0.0017088,0.0017715,0.002088
219,-179.7,-179.7,-178.55096,-182.7,-182.7,-183.83276,-1.14904,-1.14904,1.13276,1.13276,1.3203,1.3203,1.28315,1.28315,0.0017169,0.0017169,0.0016686,0.0016686
220,-179.6,-179.6,-178.54825,-182.6,-182.7,-183.79836,-1.05175,-1.05175,1.19836,1.09836,1.10618,1.10618,1.43607,1.20639,0.0014385,0.0014385,0.0018674,0.0015688
221,-179.6,-179.6,-178.54554,-182.6,-182.7,-183.76396,-1.05446,-1.05446,1.16396,1.06396,1.11189,1.11189,1.3548,1.13201,0.0014459,0.0014459,0.0017618,0.0014721
222,-179.5,-179.5,-178.54167,-182.6,-182.7,-183.72956,-0.95833,-0.95833,1.12956,1.02956,0.9184,0.9184,1.2759,1.05999,0.0011943,0.0011943,0.0016592,0.0013784
223,-179.4,-179.4,-178.53013,-182.5,-182.7,-183.69516,-0.86987,-0.86987,1.19516,0.99516,0.75667,0.75667,1.4284,0.99034,0.000984,0.000984,0.0018575,0.0012878
224,-179.4,-179.4,-178.51859,-182.5,-182.7,-183.66076,-0.88141,-0.88141,1.16076,0.96076,0.77688,0.77688,1.34736,0.92306,0.0010102,0.0010102,0.0017521,0.0012003
225,-179.3,-179.3,-178.50705,-182.5,-182.7,-183.62636,-0.79295,-0.79295,1.12636,0.92636,0.62877,0.62877,1.26868,0.85814,0.0008176,0.0008176,0.0016498,0.0011159
226,-179.3,-179.3,-178.49551,-182.4,-182.7,-183.59196,-0.80449,-0.80449,1.19196,0.89196,0.6472,0.6472,1.42076,0.79559,0.0008416,0.0008416,0.0018475,0.0010346
227,-179.3,-179.3,-178.48398,-182.4,-182.7,-183.55756,-0.81602,-0.81602,1.15756,0.85756,0.6659,0.6659,1.33994,0.7354,0.0008659,0.0008659,0.0017424,0.0009563
228,-179.3,-179.3,-178.47244,-182.4,-182.7,-183.524,-0.82756,-0.82756,1.124,0.824,0.68486,0.68486,1.26338,0.67898,0.0008906,0.0008906,0.0016429,0.0008829
229,-179.2,-179.2,-178.4609,-182.4,-182.7,-183.49058,-0.7391,-0.7391,1.09058,0.79058,0.54627,0.54627,1.18936,0.62501,0.0007104,0.0007104,0.0015466,0.0008128
230,-179.2,-179.2,-178.44936,-182.3,-182.7,-183.45716,-0.75064,-0.75064,1.15716,0.75716,0.56346,0.56346,1.33901,0.57328,0.0007327,0.0007327,0.0017412,0.0007455
231,-179.2,-179.2,-178.43782,-182.3,-182.7,-183.42373,-0.76218,-0.76218,1.12373,0.72373,0.58092,0.58092,1.26277,0.52379,0.0007554,0.0007554,0.0016421,0.0006811
232,-179.2,-179.2,-178.42628,-182.3,-182.7,-183.39031,-0.77372,-0.77372,1.09031,0.69031,0.59864,0.59864,1.18877,0.47653,0.0007785,0.0007785,0.0015459,0.0006197
233,-179.3,-179.3,-178.39981,-182.3,-182.6,-183.35689,-0.90019,-0.90019,1.05689,0.75689,0.81035,0.81035,1.11701,0.57288,0.0010538,0.0010538,0.0014525,0.000745
234,-179.3,-179.3,-178.35579,-182.3,-182.6,-183.32374,-0.94421,-0.94421,1.02374,0.72374,0.89153,0.89153,1.04804,0.5238,0.0011593,0.0011593,0.0013629,0.0006811
235,-179.3,-179.3,-178.31178,-182.3,-182.6,-183.29144,-0.98822,-0.98822,0.99144,0.69144,0.97659,0.97659,0.98296,0.47809,0.0012699,0.0012699,0.0012782,0.0006217
236,-179.4,-179.4,-178.26737,-182.3,-182.6,-183.25915,-1.13263,-1.13263,0.95915,0.65915,1.28285,1.28285,0.91997,0.43448,0.0016682,0.0016682,0.0011963,0.000565
237,-179.4,-179.4,-178.22196,-182.3,-182.6,-183.22686,-1.17804,-1.17804,0.92686,0.62686,1.38779,1.38779,0.85906,0.39295,0.0018047,0.0018047,0.0011171,0.000511
238,-179.4,-179.4,-178.17654,-182.3,-182.6,-183.19456,-1.22346,-1.22346,0.89456,0.59456,1.49685,1.49685,0.80024,0.3535,0.0019465,0.0019465,0.0010406,0.0004597
239,-179.5,-179.5,-178.13113,-182.3,-182.6,-183.16227,-1.36887,-1.36887,0.86227,0.56227,1.87381,1.87381,0.7435,0.31614,0.0024367,0.0024367,0.0009668,0.0004111
240,-179.5,-179.5,-178.08571,-182.3,-182.6,-183.12997,-1.41429,-1.41429,0.82997,0.52997,2.00021,2.00021,0.68885,0.28087,0.0026011,0.0026011,0.0008958,0.0003652
241,-179.5,-179.5,-178.01846,-182.3,-182.6,-183.09768,-1.48154,-1.48154,0.79768,0.49768,2.19495,2.19495,0.63629,0.24768,0.0028543,0.0028543,0.0008274,0.0003221
242,-179.5,-179.5,-177.94855,-182.3,-182.6,-183.06647,-1.55145,-1.55145,0.76647,0.46647,2.40699,2.40699,0.58747,0.21759,0.00313,0.00313,0.0007639,0.000283
243,-179.5,-179.5,-177.87632,-182.4,-182.6,-183.03627,-1.62368,-1.62368,0.63627,0.43627,2.63634,2.63634,0.40485,0.19034,0.0034283,0.0034283,0.0005265,0.0002475
244,-179.5,-179.5,-177.76973,-182.4,-182.6,-183.00625,-1.73027,-1.73027,0.60625,0.40625,2.99384,2.99384,0.36754,0.16504,0.0038932,0.0038932,0.0004779,0.0002146
245,-179.4,-179.4,-177.6335,-182.4,-182.6,-182.97622,-1.7665,-1.7665,0.57622,0.37622,3.12051,3.12051,0.33203,0.14154,0.0040579,0.0040579,0.0004318,0.0001841
246,-179.3,-179.3,-177.47536,-182.5,-182.6,-182.9462,-1.82464,-1.82464,0.4462,0.3462,3.32929,3.32929,0.19909,0.11985,0.0043294,0.0043294,0.0002589,0.0001559
247,-179.2,-179.2,-177.25385,-182.5,-182.6,-182.91617,-1.94615,-1.94615,0.41617,0.31617,3.78749,3.78749,0.1732,0.09996,0.0049252,0.0049252,0.0002252,0.00013
248,-179.1,-179.1,-177.02507,-182.5,-182.6,-182.89841,-2.07493,-2.07493,0.39841,0.29841,4.30532,4.30532,0.15873,0.08905,0.0055986,0.0055986,0.0002064,0.0001158
249,-178.9,-178.9,-176.79629,-182.6,-182.6,-182.88287,-2.10371,-2.10371,0.28287,0.28287,4.42558,4.42558,0.08001,0.08001,0.005755,0.005755,0.0001041,0.0001041
250,-178.6,-178.6,-176.56752,-182.6,-182.6,-182.87627,-2.03248,-2.03248,0.27627,0.27627,4.13099,4.13099,0.07633,0.07633,0.0053719,0.0053719,0.0000993,0.0000993
251,-178.3,-178.3,-176.32791,-182.6,-182.6,-182.87146,-1.97209,-1.97209,0.27146,0.27146,3.88913,3.88913,0.07369,0.07369,0.0050574,0.0050574,0.0000958,0.0000958
252,-178,-178,-176.0434,-182.7,-182.6,-182.86664,-1.9566,-1.9566,0.16664,0.26664,3.82829,3.82829,0.02777,0.0711,0.0049783,0.0049783,0.0000361,0.0000925
253,-177.5,-177.5,-175.75888,-182.7,-182.6,-182.86183,-1.74112,-1.74112,0.16183,0.26183,3.03149,3.03149,0.02619,0.06855,0.0039421,0.0039421,0.0000341,0.0000891
254,-177,-177,-175.41185,-182.8,-182.6,-182.85701,-1.58815,-1.58815,0.05701,0.25701,2.52223,2.52223,0.00325,0.06605,0.0032799,0.0032799,0.0000042,0.0000859
255,-176.4,-176.4,-175.01478,-182.8,-182.6,-182.8522,-1.38522,-1.38522,0.0522,0.2522,1.91884,1.91884,0.00272,0.0636,0.0024952,0.0024952,0.0000035,0.0000827
256,-175.9,-175.9,-174.59985,-182.9,-182.6,-182.84738,-1.30015,-1.30015,-0.05262,0.24738,1.69038,1.69038,0.00277,0.0612,0.0021982,0.0021982,0.0000036,0.0000796
257,-175.5,-175.5,-174.18434,-182.9,-182.6,-182.84257,-1.31566,-1.31566,-0.05743,0.24257,1.73096,1.73096,0.0033,0.05884,0.0022509,0.0022509,0.0000043,0.0000765
258,-175.3,-175.3,-173.77104,-183,-182.6,-182.83775,-1.52896,-1.52896,-0.16225,0.23775,2.33772,2.33772,0.02632,0.05653,0.00304,0.00304,0.0000342,0.0000735
259,-175.3,-175.3,-173.35677,-183,-182.6,-182.83294,-1.94323,-1.94323,-0.16706,0.23294,3.77616,3.77616,0.02791,0.05426,0.0049105,0.0049105,0.0000363,0.0000706
260,-175.2,-175.2,-172.94588,-183.1,-182.6,-182.80203,-2.25412,-2.25412,-0.29797,0.20203,5.08104,5.08104,0.08879,0.04082,0.0066073,0.0066073,0.0001155,0.0000531
261,-175.2,-175.2,-172.5462,-183.1,-182.6,-182.76657,-2.6538,-2.6538,-0.33343,0.16657,7.04267,7.04267,0.11118,0.02774,0.0091582,0.0091582,0.0001446,0.0000361
262,-175,-175,-172.14651,-183.1,-182.6,-182.73111,-2.85349,-2.85349,-0.36889,0.13111,8.1424,8.1424,0.13608,0.01719,0.0105883,0.0105883,0.000177,0.0000224
263,-174.7,-174.7,-171.74729,-183.2,-182.6,-182.69564,-2.95271,-2.95271,-0.50436,0.09564,8.71851,8.71851,0.25438,0.00915,0.0113375,0.0113375,0.0003308,0.0000119
264,-174.5,-174.5,-171.34991,-183.2,-182.6,-182.66018,-3.15009,-3.15009,-0.53982,0.06018,9.92306,9.92306,0.29141,0.00362,0.0129038,0.0129038,0.0003789,0.0000047
265,-174.4,-174.4,-170.95159,-183.2,-182.6,-182.6365,-3.44841,-3.44841,-0.5635,0.0365,11.89155,11.89155,0.31753,0.00133,0.0154637,0.0154637,0.0004129,0.0000017
266,-174.3,-174.3,-170.56272,-183.2,-182.6,-182.65491,-3.73728,-3.73728,-0.54509,0.05491,13.96728,13.96728,0.29712,0.00302,0.0181629,0.0181629,0.0003864,0.0000039
267,-174,-174,-170.20924,-183.2,-182.6,-182.67333,-3.79076,-3.79076,-0.52667,0.07333,14.36985,14.36985,0.27738,0.00538,0.0186864,0.0186864,0.0003607,0.000007
268,-173.5,-173.5,-169.91848,-183.3,-182.6,-182.69174,-3.58152,-3.58152,-0.60826,0.09174,12.82731,12.82731,0.36998,0.00842,0.0166805,0.0166805,0.0004811,0.0000109
269,-172.8,-172.8,-169.6622,-183.3,-182.6,-182.71015,-3.1378,-3.1378,-0.58985,0.11015,9.84576,9.84576,0.34792,0.01213,0.0128033,0.0128033,0.0004524,0.0000158
270,-172.1,-172.1,-169.48221,-183.3,-182.6,-182.72856,-2.61779,-2.61779,-0.57144,0.12856,6.85284,6.85284,0.32654,0.01653,0.0089114,0.0089114,0.0004246,0.0000215
271,-171.4,-171.4,-169.50524,-183.2,-182.6,-182.74697,-1.89476,-1.89476,-0.45303,0.14697,3.59011,3.59011,0.20523,0.0216,0.0046685,0.0046685,0.0002669,0.0000281
272,-170.8,-170.8,-169.62272,-183.2,-182.6,-182.78718,-1.17728,-1.17728,-0.41282,0.18718,1.38599,1.38599,0.17042,0.03504,0.0018023,0.0018023,0.0002216,0.0000456
273,-170.4,-170.4,-169.82956,-183.2,-182.7,-182.83489,-0.57044,-0.57044,-0.36511,0.13489,0.32541,0.32541,0.1333,0.0182,0.0004232,0.0004232,0.0001733,0.0000237
274,-170.3,-170.3,-170.10551,-183.2,-182.7,-182.88214,-0.19449,-0.19449,-0.31786,0.18214,0.03783,0.03783,0.10104,0.03317,0.0000492,0.0000492,0.0001314,0.0000431
275,-170.3,-170.3,-170.38147,-183.2,-182.7,-182.92799,0.08147,0.08147,-0.27201,0.22799,0.00664,0.00664,0.07399,0.05198,0.0000086,0.0000086,0.0000962,0.0000676
276,-170.6,-170.6,-170.65742,-183.2,-182.7,-182.97383,0.05742,0.05742,-0.22617,0.27383,0.0033,0.0033,0.05115,0.07498,0.0000043,0.0000043,0.0000665,0.0000975
277,-170.9,-170.9,-170.96902,-183.2,-182.7,-183.01968,0.06902,0.06902,-0.18032,0.31968,0.00476,0.00476,0.03252,0.10219,0.0000062,0.0000062,0.0000423,0.0001329
278,-171.2,-171.2,-171.28106,-183.1,-182.7,-183.06553,0.08106,0.08106,-0.03447,0.36553,0.00657,0.00657,0.00119,0.13361,0.0000085,0.0000085,0.0000015,0.0001737
279,-171.3,-171.3,-171.5931,-183.1,-182.7,-183.11288,0.2931,0.2931,0.01288,0.41288,0.08591,0.08591,0.00017,0.17047,0.0001117,0.0001117,0.0000002,0.0002217
280,-171.4,-171.4,-171.95404,-183.1,-182.8,-183.16152,0.55404,0.55404,0.06152,0.36152,0.30696,0.30696,0.00378,0.1307,0.0003992,0.0003992,0.0000049,0.00017
281,-171.6,-171.6,-172.31646,-183.1,-182.8,-183.21016,0.71646,0.71646,0.11016,0.41016,0.51331,0.51331,0.01214,0.16823,0.0006675,0.0006675,0.0000158,0.0002188
282,-171.9,-171.9,-172.67888,-183.1,-182.8,-183.25881,0.77888,0.77888,0.15881,0.45881,0.60666,0.60666,0.02522,0.2105,0.0007889,0.0007889,0.0000328,0.0002737
283,-172.3,-172.3,-173.0413,-183.1,-182.8,-183.30745,0.7413,0.7413,0.20745,0.50745,0.54953,0.54953,0.04304,0.25751,0.0007146,0.0007146,0.000056,0.0003349
284,-172.6,-172.6,-173.49021,-183,-182.9,-183.35609,0.89021,0.89021,0.35609,0.45609,0.79248,0.79248,0.1268,0.20802,0.0010305,0.0010305,0.0001649,0.0002705
285,-172.9,-172.9,-173.95561,-183,-182.9,-183.40474,1.05561,1.05561,0.40474,0.50474,1.11431,1.11431,0.16381,0.25476,0.001449,0.001449,0.000213,0.0003313
286,-173.2,-173.2,-174.37089,-183,-182.9,-183.45338,1.17089,1.17089,0.45338,0.55338,1.37098,1.37098,0.20555,0.30623,0.0017828,0.0017828,0.0002673,0.0003982
287,-173.4,-173.4,-174.75964,-183,-182.9,-183.50202,1.35964,1.35964,0.50202,0.60202,1.84861,1.84861,0.25203,0.36243,0.0024039,0.0024039,0.0003277,0.0004713
288,-173.7,-173.7,-175.11732,-183,-183,-183.55066,1.41732,1.41732,0.55066,0.55066,2.00878,2.00878,0.30323,0.30323,0.0026122,0.0026122,0.0003943,0.0003943
289,-174.2,-174.2,-175.49518,-183,-183,-183.57913,1.29518,1.29518,0.57913,0.57913,1.67749,1.67749,0.33539,0.33539,0.0021814,0.0021814,0.0004361,0.0004361
290,-174.8,-174.8,-175.7973,-183.1,-183,-183.60194,0.9973,0.9973,0.50194,0.60194,0.99461,0.99461,0.25195,0.36234,0.0012934,0.0012934,0.0003276,0.0004712
291,-175.4,-175.4,-176.06106,-183.1,-183.1,-183.62476,0.66106,0.66106,0.52476,0.52476,0.437,0.437,0.27537,0.27537,0.0005683,0.0005683,0.0003581,0.0003581
292,-175.9,-175.9,-176.30878,-183.1,-183.1,-183.64757,0.40878,0.40878,0.54757,0.54757,0.1671,0.1671,0.29983,0.29983,0.0002173,0.0002173,0.0003899,0.0003899
293,-176.5,-176.5,-176.54214,-183.1,-183.1,-183.68103,0.04214,0.04214,0.58103,0.58103,0.00178,0.00178,0.33759,0.33759,0.0000023,0.0000023,0.000439,0.000439
294,-177.1,-177.1,-176.73025,-183.1,-183.2,-183.71596,-0.36975,-0.36975,0.61596,0.51596,0.13672,0.13672,0.37941,0.26622,0.0001778,0.0001778,0.0004934,0.0003462
295,-177.5,-177.5,-176.90307,-183.2,-183.2,-183.75123,-0.59693,-0.59693,0.55123,0.55123,0.35632,0.35632,0.30385,0.30385,0.0004634,0.0004634,0.0003951,0.0003951
296,-177.8,-177.8,-177.03049,-183.2,-183.3,-183.78685,-0.76951,-0.76951,0.58685,0.48685,0.59215,0.59215,0.34439,0.23702,0.00077,0.00077,0.0004478,0.0003082
297,-178.1,-178.1,-177.12486,-183.3,-183.3,-183.79903,-0.97514,-0.97514,0.49903,0.49903,0.9509,0.9509,0.24903,0.24903,0.0012365,0.0012365,0.0003238,0.0003238
298,-178.4,-178.4,-177.16845,-183.3,-183.3,-183.78873,-1.23155,-1.23155,0.48873,0.48873,1.51671,1.51671,0.23885,0.23885,0.0019723,0.0019723,0.0003106,0.0003106
299,-178.8,-178.8,-177.21205,-183.4,-183.4,-183.77786,-1.58795,-1.58795,0.37786,0.37786,2.52159,2.52159,0.14278,0.14278,0.0032791,0.0032791,0.0001857,0.0001857
300,-179,-179,-177.23952,-183.4,-183.4,-183.767,-1.76048,-1.76048,0.367,0.367,3.0993,3.0993,0.13469,0.13469,0.0040303,0.0040303,0.0001751,0.0001751
301,-179.2,-179.2,-177.22147,-183.5,-183.5,-183.75614,-1.97853,-1.97853,0.25614,0.25614,3.91459,3.91459,0.06561,0.06561,0.0050905,0.0050905,0.0000853,0.0000853
302,-179.3,-179.3,-177.16957,-183.5,-183.5,-183.74528,-2.13043,-2.13043,0.24528,0.24528,4.53872,4.53872,0.06016,0.06016,0.0059021,0.0059021,0.0000782,0.0000782
303,-179.3,-179.3,-177.11782,-183.6,-183.5,-183.73441,-2.18218,-2.18218,0.13441,0.23441,4.76191,4.76191,0.01807,0.05495,0.0061923,0.0061923,0.0000235,0.0000715
304,-179.2,-179.2,-177.06626,-183.6,-183.6,-183.72355,-2.13374,-2.13374,0.12355,0.12355,4.55284,4.55284,0.01526,0.01526,0.0059205,0.0059205,0.0000199,0.0000199
305,-178.9,-178.9,-177.0147,-183.7,-183.6,-183.71269,-1.8853,-1.8853,0.01269,0.11269,3.55435,3.55435,0.00016,0.0127,0.004622,0.004622,0.0000002,0.0000165
306,-178.7,-178.7,-176.96314,-183.7,-183.7,-183.70183,-1.73686,-1.73686,0.00183,0.00183,3.01667,3.01667,0,0,0.0039228,0.0039228,0,0
307,-178.5,-178.5,-176.91484,-183.8,-183.7,-183.66834,-1.58516,-1.58516,-0.13166,-0.03166,2.51273,2.51273,0.01733,0.001,0.0032675,0.0032675,0.0000225,0.0000013
308,-178.4,-178.4,-176.86861,-183.8,-183.7,-183.61091,-1.53139,-1.53139,-0.18909,-0.08909,2.34514,2.34514,0.03575,0.00794,0.0030496,0.0030496,0.0000465,0.0000103
309,-178.3,-178.3,-176.82239,-183.8,-183.8,-183.54832,-1.47761,-1.47761,-0.25168,-0.25168,2.18334,2.18334,0.06335,0.06335,0.0028392,0.0028392,0.0000824,0.0000824
310,-178.3,-178.3,-176.83006,-183.9,-183.8,-183.48572,-1.46994,-1.46994,-0.41428,-0.31428,2.16073,2.16073,0.17163,0.09877,0.0028098,0.0028098,0.0002232,0.0001284
311,-178.3,-178.3,-176.84219,-183.9,-183.8,-183.42312,-1.45781,-1.45781,-0.47688,-0.37688,2.12522,2.12522,0.22741,0.14204,0.0027636,0.0027636,0.0002957,0.0001847
312,-178.4,-178.4,-176.85431,-183.9,-183.9,-183.34928,-1.54569,-1.54569,-0.55072,-0.55072,2.38915,2.38915,0.3033,0.3033,0.0031068,0.0031068,0.0003944,0.0003944
313,-178.5,-178.5,-176.87995,-183.9,-183.9,-183.24135,-1.62005,-1.62005,-0.65865,-0.65865,2.62456,2.62456,0.43382,0.43382,0.0034129,0.0034129,0.0005641,0.0005641
314,-178.5,-178.5,-176.9467,-183.9,-183.9,-183.13342,-1.5533,-1.5533,-0.76658,-0.76658,2.41275,2.41275,0.58764,0.58764,0.0031375,0.0031375,0.0007642,0.0007642
315,-178.5,-178.5,-177.01344,-183.9,-183.9,-183.02549,-1.48656,-1.48656,-0.87451,-0.87451,2.20985,2.20985,0.76476,0.76476,0.0028737,0.0028737,0.0009945,0.0009945
316,-178.5,-178.5,-177.08019,-183.9,-183.9,-182.94436,-1.41981,-1.41981,-0.95564,-0.95564,2.01586,2.01586,0.91325,0.91325,0.0026214,0.0026214,0.0011876,0.0011876
317,-178.5,-178.5,-177.14694,-183.9,-184,-182.93271,-1.35306,-1.35306,-0.96729,-1.06729,1.83078,1.83078,0.93565,1.13911,0.0023807,0.0023807,0.0012167,0.0014813
318,-178.5,-178.5,-177.21368,-183.9,-184,-182.93118,-1.28632,-1.28632,-0.96882,-1.06882,1.65461,1.65461,0.93861,1.14237,0.0021516,0.0021516,0.0012206,0.0014855
319,-178.5,-178.5,-177.29264,-183.9,-184,-182.92193,-1.20736,-1.20736,-0.97807,-1.07807,1.45771,1.45771,0.95661,1.16223,0.0018956,0.0018956,0.001244,0.0015113
320,-178.5,-178.5,-177.37971,-183.8,-184,-182.91269,-1.12029,-1.12029,-0.88731,-1.08731,1.25506,1.25506,0.78733,1.18225,0.0016321,0.0016321,0.0010238,0.0015374
321,-178.6,-178.6,-177.46982,-183.8,-184,-182.90344,-1.13018,-1.13018,-0.89656,-1.09656,1.27731,1.27731,0.80383,1.20245,0.001661,0.001661,0.0010453,0.0015637
322,-178.7,-178.7,-177.55993,-183.8,-184,-182.89419,-1.14007,-1.14007,-0.90581,-1.10581,1.29975,1.29975,0.8205,1.22282,0.0016902,0.0016902,0.001067,0.0015901
323,-178.8,-178.8,-177.65005,-183.7,-184,-182.88494,-1.14995,-1.14995,-0.81506,-1.11506,1.32239,1.32239,0.66432,1.24336,0.0017196,0.0017196,0.0008639,0.0016169
324,-179,-179,-177.74016,-183.7,-184,-182.87569,-1.25984,-1.25984,-0.82431,-1.12431,1.58719,1.58719,0.67949,1.26407,0.002064,0.002064,0.0008836,0.0016438
325,-179.2,-179.2,-177.82504,-183.6,-184,-182.86644,-1.37496,-1.37496,-0.73356,-1.13356,1.8905,1.8905,0.53811,1.28496,0.0024584,0.0024584,0.0006998,0.0016709
326,-179.4,-179.4,-177.86906,-183.6,-184,-182.85719,-1.53094,-1.53094,-0.74281,-1.14281,2.34378,2.34378,0.55176,1.30601,0.0030478,0.0030478,0.0007175,0.0016983
327,-179.5,-179.5,-177.84393,-183.5,-183.9,-182.84794,-1.65607,-1.65607,-0.65206,-1.05206,2.74257,2.74257,0.42518,1.10682,0.0035664,0.0035664,0.0005529,0.0014393
328,-179.5,-179.5,-177.81945,-183.5,-183.9,-182.83869,-1.68055,-1.68055,-0.66131,-1.06131,2.82425,2.82425,0.43732,1.12637,0.0036726,0.0036726,0.0005687,0.0014647
329,-179.5,-179.5,-177.79633,-183.4,-183.9,-182.82945,-1.70367,-1.70367,-0.57055,-1.07055,2.9025,2.9025,0.32553,1.14609,0.0037744,0.0037744,0.0004233,0.0014904
330,-179.3,-179.3,-177.7732,-183.4,-183.9,-182.8202,-1.5268,-1.5268,-0.5798,-1.0798,2.3311,2.3311,0.33617,1.16597,0.0030313,0.0030313,0.0004372,0.0015162
331,-179,-179,-177.73186,-183.3,-183.9,-182.81095,-1.26814,-1.26814,-0.48905,-1.08905,1.60817,1.60817,0.23917,1.18603,0.0020912,0.0020912,0.000311,0.0015423
332,-178.6,-178.6,-177.62825,-183.3,-183.9,-182.8017,-0.97175,-0.97175,-0.4983,-1.0983,0.9443,0.9443,0.2483,1.20626,0.001228,0.001228,0.0003229,0.0015686
333,-178.2,-178.2,-177.50387,-183.2,-183.8,-182.79605,-0.69613,-0.69613,-0.40395,-1.00395,0.48459,0.48459,0.16317,1.00791,0.0006302,0.0006302,0.0002122,0.0013107
334,-177.7,-177.7,-177.3659,-183.1,-183.8,-182.79167,-0.3341,-0.3341,-0.30833,-1.00833,0.11162,0.11162,0.09507,1.01674,0.0001452,0.0001452,0.0001236,0.0013222
335,-177.1,-177.1,-177.22717,-183.1,-183.8,-182.78728,0.12717,0.12717,-0.31272,-1.01272,0.01617,0.01617,0.09779,1.0256,0.000021,0.000021,0.0001272,0.0013337
336,-176.4,-176.4,-177.06363,-183,-183.8,-182.78289,0.66363,0.66363,-0.21711,-1.01711,0.44041,0.44041,0.04713,1.0345,0.0005727,0.0005727,0.0000613,0.0013453
337,-175.7,-175.7,-176.90009,-182.9,-183.8,-182.77851,1.20009,1.20009,-0.12149,-1.02149,1.44022,1.44022,0.01476,1.04344,0.0018729,0.0018729,0.0000192,0.0013569
338,-175,-175,-176.69805,-182.9,-183.7,-182.77412,1.69805,1.69805,-0.12588,-0.92588,2.88338,2.88338,0.01584,0.85725,0.0037495,0.0037495,0.0000206,0.0011148
339,-174.4,-174.4,-176.48134,-182.8,-183.7,-182.73371,2.08134,2.08134,-0.06629,-0.96629,4.33198,4.33198,0.00439,0.93371,0.0056333,0.0056333,0.0000057,0.0012142
340,-173.7,-173.7,-176.22965,-182.7,-183.7,-182.68731,2.52965,2.52965,-0.01269,-1.01269,6.39911,6.39911,0.00016,1.02555,0.0083213,0.0083213,0.0000002,0.0013336
341,-173.1,-173.1,-175.96554,-182.7,-183.6,-182.6409,2.86554,2.86554,-0.0591,-0.9591,8.21133,8.21133,0.00349,0.91987,0.0106779,0.0106779,0.0000045,0.0011962
342,-172.8,-172.8,-175.64975,-182.6,-183.6,-182.5945,2.84975,2.84975,-0.0055,-1.0055,8.12106,8.12106,0.00003,1.01104,0.0105606,0.0105606,0,0.0013147
343,-172.8,-172.8,-175.19287,-182.6,-183.6,-182.54809,2.39287,2.39287,-0.05191,-1.05191,5.72583,5.72583,0.00269,1.10651,0.0074458,0.0074458,0.0000035,0.0014389
344,-173.2,-173.2,-174.66631,-182.5,-183.6,-182.50169,1.46631,1.46631,0.00169,-1.09831,2.15006,2.15006,0,1.20629,0.0027959,0.0027959,0,0.0015687
345,-173.6,-173.6,-174.12627,-182.5,-183.5,-182.45528,0.52627,0.52627,-0.04472,-1.04472,0.27696,0.27696,0.002,1.09144,0.0003602,0.0003602,0.0000026,0.0014193
346,-173.6,-173.6,-173.58623,-182.5,-183.5,-182.40888,-0.01377,-0.01377,-0.09112,-1.09112,0.00019,0.00019,0.0083,1.19055,0.0000002,0.0000002,0.0000108,0.0015482
347,-173.2,-173.2,-172.97073,-182.5,-183.5,-182.36247,-0.22927,-0.22927,-0.13753,-1.13753,0.05257,0.05257,0.01891,1.29397,0.0000684,0.0000684,0.0000246,0.0016827
348,-172.6,-172.6,-172.30755,-182.4,-183.4,-182.31606,-0.29245,-0.29245,-0.08394,-1.08394,0.08553,0.08553,0.00705,1.17492,0.0001112,0.0001112,0.0000092,0.0015278
349,-171.8,-171.8,-171.61729,-182.4,-183.4,-182.26966,-0.18271,-0.18271,-0.13034,-1.13034,0.03338,0.03338,0.01699,1.27767,0.0000434,0.0000434,0.0000221,0.0016615
350,-171,-171,-170.90614,-182.4,-183.4,-182.22319,-0.09386,-0.09386,-0.17681,-1.17681,0.00881,0.00881,0.03126,1.38489,0.0000115,0.0000115,0.0000407,0.0018009
351,-170.3,-170.3,-170.18616,-182.4,-183.4,-182.17585,-0.11384,-0.11384,-0.22415,-1.22415,0.01296,0.01296,0.05024,1.49854,0.0000169,0.0000169,0.0000653,0.0019487
352,-169.9,-169.9,-169.46763,-182.5,-183.3,-182.12768,-0.43237,-0.43237,-0.37232,-1.17232,0.18695,0.18695,0.13862,1.37433,0.0002431,0.0002431,0.0001803,0.0017872
353,-169.7,-169.7,-168.75549,-182.5,-183.3,-182.07952,-0.94451,-0.94451,-0.42048,-1.22048,0.89209,0.89209,0.17681,1.48958,0.0011601,0.0011601,0.0002299,0.001937
354,-169.6,-169.6,-168.10116,-182.5,-183.3,-182.03135,-1.49884,-1.49884,-0.46865,-1.26865,2.24653,2.24653,0.21963,1.60948,0.0029214,0.0029214,0.0002856,0.002093
355,-169.2,-169.2,-167.51206,-182.6,-183.3,-181.98318,-1.68794,-1.68794,-0.61682,-1.31682,2.84915,2.84915,0.38047,1.73402,0.003705,0.003705,0.0004948,0.0022549
356,-168.6,-168.6,-166.94225,-182.6,-183.2,-181.93501,-1.65775,-1.65775,-0.66499,-1.26499,2.74812,2.74812,0.44221,1.60019,0.0035736,0.0035736,0.000575,0.0020809
357,-167.8,-167.8,-166.44343,-182.7,-183.2,-181.88684,-1.35657,-1.35657,-0.81316,-1.31316,1.84028,1.84028,0.66122,1.72438,0.0023931,0.0023931,0.0008598,0.0022424
358,-167,-167,-165.9813,-182.7,-183.2,-181.83868,-1.0187,-1.0187,-0.86132,-1.36132,1.03775,1.03775,0.74188,1.8532,0.0013495,0.0013495,0.0009647,0.0024099
359,-166.2,-166.2,-165.51917,-182.8,-183.2,-181.80305,-0.68083,-0.68083,-0.99695,-1.39695,0.46353,0.46353,0.99391,1.95148,0.0006028,0.0006028,0.0012925,0.0025377
360,-165.6,-165.6,-165.05686,-182.9,-183.2,-181.76668,-0.54314,-0.54314,-1.13332,-1.43332,0.295,0.295,1.28441,2.0544,0.0003836,0.0003836,0.0016702,0.0026715
361,-165.1,-165.1,-164.627,-183,-183.1,-181.7297,-0.473,-0.473,-1.2703,-1.3703,0.22373,0.22373,1.61366,1.87772,0.0002909,0.0002909,0.0020984,0.0024418
362,-164.9,-164.9,-164.25805,-183,-183.1,-181.69272,-0.64195,-0.64195,-1.30728,-1.40728,0.4121,0.4121,1.70898,1.98043,0.0005359,0.0005359,0.0022223,0.0025753
363,-164.8,-164.8,-163.93801,-183.1,-183.1,-181.65559,-0.86199,-0.86199,-1.44441,-1.44441,0.74303,0.74303,2.08632,2.08632,0.0009662,0.0009662,0.002713,0.002713
364,-164.8,-164.8,-163.85909,-183.2,-183.1,-181.61774,-0.94091,-0.94091,-1.58226,-1.48226,0.88532,0.88532,2.50354,2.19708,0.0011513,0.0011513,0.0032556,0.0028571
365,-164.7,-164.7,-163.82442,-183.2,-183.1,-181.59362,-0.87558,-0.87558,-1.60638,-1.50638,0.76663,0.76663,2.58044,2.26917,0.0009969,0.0009969,0.0033556,0.0029508
366,-164.5,-164.5,-163.87805,-183.3,-183.1,-181.58685,-0.62195,-0.62195,-1.71315,-1.51315,0.38682,0.38682,2.93488,2.28962,0.000503,0.000503,0.0038165,0.0029774
367,-164.2,-164.2,-164.0511,-183.3,-183.1,-181.58291,-0.1489,-0.1489,-1.71709,-1.51709,0.02217,0.02217,2.94839,2.30156,0.0000288,0.0000288,0.0038341,0.0029929
368,-164,-164,-164.35377,-183.4,-183.1,-181.57897,0.35377,0.35377,-1.82103,-1.52103,0.12515,0.12515,3.31614,2.31352,0.0001627,0.0001627,0.0043123,0.0030085
369,-164.1,-164.1,-164.70486,-183.4,-183.1,-181.57504,0.60486,0.60486,-1.82496,-1.52496,0.36586,0.36586,3.3305,2.32552,0.0004758,0.0004758,0.0043309,0.0030241
370,-164.4,-164.4,-165.11711,-183.5,-183.1,-181.5711,0.71711,0.71711,-1.9289,-1.5289,0.51424,0.51424,3.72067,2.33754,0.0006687,0.0006687,0.0048383,0.0030397
371,-164.6,-164.6,-165.58616,-183.5,-183.1,-181.56716,0.98616,0.98616,-1.93284,-1.53284,0.97251,0.97251,3.73587,2.3496,0.0012646,0.0012646,0.0048581,0.0030554
372,-164.8,-164.8,-166.16266,-183.5,-183.1,-181.56322,1.36266,1.36266,-1.93678,-1.53678,1.85685,1.85685,3.75111,2.36169,0.0024146,0.0024146,0.0048779,0.0030711
373,-164.8,-164.8,-166.73917,-183.6,-183.1,-181.55928,1.93917,1.93917,-2.04072,-1.54072,3.76036,3.76036,4.16453,2.37381,0.0048899,0.0048899,0.0054155,0.0030869
374,-164.8,-164.8,-167.37503,-183.6,-183.1,-181.55655,2.57503,2.57503,-2.04345,-1.54345,6.63075,6.63075,4.17568,2.38223,0.0086226,0.0086226,0.00543,0.0030978
375,-164.9,-164.9,-168.02135,-183.6,-183.1,-181.55383,3.12135,3.12135,-2.04617,-1.54617,9.74283,9.74283,4.18683,2.39065,0.0126695,0.0126695,0.0054445,0.0031088
376,-165,-165,-168.69032,-183.6,-183.1,-181.5511,3.69032,3.69032,-2.0489,-1.5489,13.61847,13.61847,4.19799,2.39909,0.0177093,0.0177093,0.005459,0.0031198
377,-165.4,-165.4,-169.36312,-183.6,-183.1,-181.54838,3.96312,3.96312,-2.05162,-1.55162,15.7063,15.7063,4.20916,2.40754,0.0204243,0.0204243,0.0054736,0.0031307
378,-165.9,-165.9,-170.03591,-183.5,-183.1,-181.54565,4.13591,4.13591,-1.95435,-1.55435,17.10578,17.10578,3.81949,2.41601,0.0222442,0.0222442,0.0049668,0.0031417
379,-166.7,-166.7,-170.71581,-183.5,-183.1,-181.5598,4.01581,4.01581,-1.9402,-1.5402,16.12673,16.12673,3.76438,2.37222,0.020971,0.020971,0.0048952,0.0030848
380,-167.6,-167.6,-171.40609,-183.5,-183.1,-181.57581,3.80609,3.80609,-1.92419,-1.52419,14.48632,14.48632,3.70253,2.32317,0.0188379,0.0188379,0.0048147,0.003021
381,-168.5,-168.5,-172.0891,-183.5,-183.1,-181.59181,3.5891,3.5891,-1.90819,-1.50819,12.88161,12.88161,3.64118,2.27463,0.0167511,0.0167511,0.004735,0.0029579
382,-169.6,-169.6,-172.625,-183.4,-183.1,-181.60782,3.025,3.025,-1.79218,-1.49218,9.15062,9.15062,3.21191,2.2266,0.0118994,0.0118994,0.0041767,0.0028954
383,-170.6,-170.6,-173.09032,-183.4,-183.1,-181.62383,2.49032,2.49032,-1.77617,-1.47617,6.2017,6.2017,3.15479,2.17908,0.0080646,0.0080646,0.0041025,0.0028337
384,-171.6,-171.6,-173.56575,-183.3,-183.1,-181.64235,1.96575,1.96575,-1.65765,-1.45765,3.86418,3.86418,2.7478,2.12474,0.0050249,0.0050249,0.0035732,0.002763
385,-172.7,-172.7,-174.01386,-183.3,-183.1,-181.66511,1.31386,1.31386,-1.63489,-1.43489,1.72623,1.72623,2.67287,2.05891,0.0022448,0.0022448,0.0034758,0.0026774
386,-173.7,-173.7,-174.44633,-183.2,-183.1,-181.68787,0.74633,0.74633,-1.51213,-1.41213,0.55701,0.55701,2.28655,1.99412,0.0007243,0.0007243,0.0029734,0.0025931
387,-174.8,-174.8,-175.01817,-183.2,-183.2,-181.71062,0.21817,0.21817,-1.48938,-1.48938,0.0476,0.0476,2.21824,2.21824,0.0000619,0.0000619,0.0028846,0.0028846
388,-175.9,-175.9,-175.537,-183.1,-183.2,-181.73338,-0.363,-0.363,-1.36662,-1.46662,0.13177,0.13177,1.86764,2.15097,0.0001713,0.0001713,0.0024287,0.0027971
389,-176.9,-176.9,-176.05583,-183,-183.2,-181.75614,-0.84417,-0.84417,-1.24386,-1.44386,0.71262,0.71262,1.54719,2.08473,0.0009267,0.0009267,0.0020119,0.002711
390,-177.8,-177.8,-176.57466,-183,-183.2,-181.7789,-1.22534,-1.22534,-1.2211,-1.4211,1.50146,1.50146,1.49109,2.01953,0.0019525,0.0019525,0.001939,0.0026262
391,-178.6,-178.6,-177.06035,-182.9,-183.2,-181.80166,-1.53965,-1.53965,-1.09834,-1.39834,2.37054,2.37054,1.20636,1.95537,0.0030826,0.0030826,0.0015687,0.0025427
392,-179.1,-179.1,-177.53227,-182.8,-183.2,-181.82441,-1.56773,-1.56773,-0.97559,-1.37559,2.45779,2.45779,0.95177,1.89224,0.0031961,0.0031961,0.0012377,0.0024606
393,-179.6,-179.6,-177.96734,-182.7,-183.2,-181.84712,-1.63266,-1.63266,-0.85288,-1.35288,2.66559,2.66559,0.72741,1.83029,0.0034663,0.0034663,0.0009459,0.0023801
394,-179.8,-179.8,-178.21093,-182.6,-183.2,-181.86803,-1.58907,-1.58907,-0.73197,-1.33197,2.52515,2.52515,0.53577,1.77413,0.0032837,0.0032837,0.0006967,0.0023071
395,-180,-180,-178.41869,-182.6,-183.2,-181.88895,-1.58131,-1.58131,-0.71105,-1.31105,2.50054,2.50054,0.5056,1.71886,0.0032517,0.0032517,0.0006575,0.0022352
396,-180.1,-180.1,-178.54709,-182.5,-183.2,-181.90986,-1.55291,-1.55291,-0.59014,-1.29014,2.41153,2.41153,0.34826,1.66446,0.0031359,0.0031359,0.0004529,0.0021644
397,-180,-180,-178.54567,-182.4,-183.2,-181.93078,-1.45433,-1.45433,-0.46922,-1.26922,2.11509,2.11509,0.22017,1.61093,0.0027504,0.0027504,0.0002863,0.0020948
398,-180,-180,-178.54424,-182.3,-183.2,-181.95169,-1.45576,-1.45576,-0.34831,-1.24831,2.11923,2.11923,0.12132,1.55828,0.0027558,0.0027558,0.0001578,0.0020264
399,-179.8,-179.8,-178.52456,-182.1,-183.2,-181.97261,-1.27544,-1.27544,-0.12739,-1.22739,1.62674,1.62674,0.01623,1.5065,0.0021154,0.0021154,0.0000211,0.001959
400,-179.6,-179.6,-178.49764,-182,-183.2,-181.9896,-1.10236,-1.10236,-0.0104,-1.2104,1.21519,1.21519,0.00011,1.46507,0.0015802,0.0015802,0.0000001,0.0019052
401,-179.4,-179.4,-178.45884,-181.9,-183.2,-181.99589,-0.94116,-0.94116,0.09589,-1.20411,0.88578,0.88578,0.00919,1.44989,0.0011519,0.0011519,0.000012,0.0018854
402,-179.2,-179.2,-178.39486,-181.8,-183.2,-182.00217,-0.80514,-0.80514,0.20217,-1.19783,0.64825,0.64825,0.04087,1.4348,0.000843,0.000843,0.0000532,0.0018658
403,-178.8,-178.8,-178.33087,-181.7,-183.2,-182.00846,-0.46913,-0.46913,0.30846,-1.19154,0.22008,0.22008,0.09514,1.41978,0.0002862,0.0002862,0.0001237,0.0018463
404,-178.5,-178.5,-178.26689,-181.5,-183.2,-182.01474,-0.23311,-0.23311,0.51474,-1.18526,0.05434,0.05434,0.26496,1.40484,0.0000707,0.0000707,0.0003445,0.0018268
405,-178.1,-178.1,-178.0819,-181.4,-183.2,-182.02102,-0.0181,-0.0181,0.62102,-1.17898,0.00033,0.00033,0.38567,1.38998,0.0000004,0.0000004,0.0005015,0.0018075
406,-177.6,-177.6,-177.84195,-181.3,-183.2,-182.02731,0.24195,0.24195,0.72731,-1.17269,0.05854,0.05854,0.52898,1.3752,0.0000761,0.0000761,0.0006879,0.0017883
407,-177.1,-177.1,-177.60201,-181.1,-183.2,-182.03411,0.50201,0.50201,0.93411,-1.16589,0.25201,0.25201,0.87255,1.35931,0.0003277,0.0003277,0.0011347,0.0017676
408,-176.6,-176.6,-177.36206,-181,-183.2,-182.04175,0.76206,0.76206,1.04175,-1.15825,0.58074,0.58074,1.08524,1.34154,0.0007552,0.0007552,0.0014112,0.0017445
409,-176.1,-176.1,-177.12212,-180.9,-183.2,-182.04939,1.02212,1.02212,1.14939,-1.15061,1.04472,1.04472,1.32111,1.32389,0.0013585,0.0013585,0.001718,0.0017216
410,-175.5,-175.5,-176.85979,-180.7,-183.2,-182.05704,1.35979,1.35979,1.35704,-1.14296,1.84902,1.84902,1.84155,1.30636,0.0024044,0.0024044,0.0023947,0.0016988
411,-175.1,-175.1,-176.5861,-180.6,-183.2,-182.06468,1.4861,1.4861,1.46468,-1.13532,2.20848,2.20848,2.1453,1.28894,0.0028719,0.0028719,0.0027897,0.0016761
412,-174.7,-174.7,-176.29843,-180.4,-183.2,-182.07233,1.59843,1.59843,1.67233,-1.12767,2.55498,2.55498,2.79668,1.27164,0.0033225,0.0033225,0.0036368,0.0016536
413,-174.3,-174.3,-176.00972,-180.3,-183.2,-182.07997,1.70972,1.70972,1.77997,-1.12003,2.92315,2.92315,3.1683,1.25446,0.0038012,0.0038012,0.00412,0.0016313
414,-174.1,-174.1,-175.72101,-180.1,-183.1,-182.08762,1.62101,1.62101,1.98762,-1.01238,2.62768,2.62768,3.95062,1.02492,0.003417,0.003417,0.0051373,0.0013328
415,-174,-174,-175.43582,-180,-183.1,-182.09526,1.43582,1.43582,2.09526,-1.00474,2.06158,2.06158,4.39012,1.0095,0.0026809,0.0026809,0.0057089,0.0013127
416,-173.8,-173.8,-175.12128,-179.9,-183.1,-182.10291,1.32128,1.32128,2.20291,-0.99709,1.74579,1.74579,4.85279,0.9942,0.0022702,0.0022702,0.0063105,0.0012928
417,-173.6,-173.6,-174.84471,-179.7,-183.1,-182.11055,1.24471,1.24471,2.41055,-0.98945,1.54931,1.54931,5.81075,0.97901,0.0020147,0.0020147,0.0075562,0.0012731
418,-173.4,-173.4,-174.58152,-179.6,-183.1,-182.11819,1.18152,1.18152,2.51819,-0.98181,1.39599,1.39599,6.34131,0.96394,0.0018153,0.0018153,0.0082462,0.0012535
419,-173.3,-173.3,-174.35567,-179.5,-183.1,-182.12584,1.05567,1.05567,2.62584,-0.97416,1.11444,1.11444,6.89503,0.94899,0.0014492,0.0014492,0.0089662,0.0012341
420,-173.3,-173.3,-174.21455,-179.3,-183.1,-182.12361,0.91455,0.91455,2.82361,-0.97639,0.8364,0.8364,7.9728,0.95333,0.0010877,0.0010877,0.0103678,0.0012397
421,-173.4,-173.4,-174.10947,-179.2,-183.1,-182.1182,0.70947,0.70947,2.9182,-0.9818,0.50334,0.50334,8.51588,0.96393,0.0006545,0.0006545,0.011074,0.0012535
422,-173.6,-173.6,-174.06071,-179.1,-183.1,-182.11277,0.46071,0.46071,3.01277,-0.98723,0.21225,0.21225,9.07681,0.97461,0.000276,0.000276,0.0118034,0.0012674
423,-173.8,-173.8,-174.01196,-179,-183.1,-182.10735,0.21196,0.21196,3.10735,-0.99265,0.04493,0.04493,9.65563,0.98535,0.0000584,0.0000584,0.0125561,0.0012813
424,-174.1,-174.1,-173.97312,-179,-183.1,-182.10193,-0.12688,-0.12688,3.10193,-0.99807,0.0161,0.0161,9.62195,0.99615,0.0000209,0.0000209,0.0125123,0.0012954
425,-174.3,-174.3,-173.93427,-178.9,-183.1,-182.0965,-0.36573,-0.36573,3.1965,-1.0035,0.13376,0.13376,10.21763,1.00701,0.0001739,0.0001739,0.0132869,0.0013095
426,-174.4,-174.4,-173.89543,-178.8,-183.1,-182.09335,-0.50457,-0.50457,3.29335,-1.00665,0.25459,0.25459,10.84612,1.01335,0.0003311,0.0003311,0.0141042,0.0013178
427,-174.5,-174.5,-173.86862,-178.8,-183.1,-182.09076,-0.63138,-0.63138,3.29076,-1.00924,0.39864,0.39864,10.82909,1.01857,0.0005184,0.0005184,0.014082,0.0013245
428,-174.5,-174.5,-173.85905,-178.7,-183.1,-182.08817,-0.64095,-0.64095,3.38817,-1.01183,0.41082,0.41082,11.47972,1.02379,0.0005342,0.0005342,0.0149281,0.0013313
429,-174.4,-174.4,-173.78453,-178.7,-183,-182.08559,-0.61547,-0.61547,3.38559,-0.91441,0.37881,0.37881,11.4622,0.83615,0.0004926,0.0004926,0.0149053,0.0010873
430,-174.4,-174.4,-173.67073,-178.7,-183,-182.08304,-0.72927,-0.72927,3.38304,-0.91696,0.53184,0.53184,11.44498,0.84081,0.0006916,0.0006916,0.0148829,0.0010934
431,-174.3,-174.3,-173.55693,-178.7,-183,-182.08091,-0.74307,-0.74307,3.38091,-0.91909,0.55215,0.55215,11.43055,0.84473,0.000718,0.000718,0.0148642,0.0010985
432,-174.2,-174.2,-173.44314,-178.7,-183,-182.07878,-0.75686,-0.75686,3.37878,-0.92122,0.57284,0.57284,11.41612,0.84865,0.0007449,0.0007449,0.0148454,0.0011036
433,-174.1,-174.1,-173.32934,-178.7,-183,-182.07664,-0.77066,-0.77066,3.37664,-0.92336,0.59392,0.59392,11.40171,0.85259,0.0007723,0.0007723,0.0148267,0.0011087
434,-174.1,-174.1,-173.23069,-178.8,-183,-182.07461,-0.86931,-0.86931,3.27461,-0.92539,0.75571,0.75571,10.72304,0.85636,0.0009827,0.0009827,0.0139441,0.0011136
435,-174.1,-174.1,-173.18588,-178.8,-183,-182.07294,-0.91412,-0.91412,3.27294,-0.92706,0.83562,0.83562,10.71213,0.85944,0.0010866,0.0010866,0.0139299,0.0011176
436,-174.1,-174.1,-173.18159,-178.9,-183,-182.07127,-0.91841,-0.91841,3.17127,-0.92873,0.84347,0.84347,10.05697,0.86253,0.0010968,0.0010968,0.013078,0.0011216
437,-174.2,-174.2,-173.19272,-178.9,-183,-182.06002,-1.00728,-1.00728,3.16002,-0.93998,1.01462,1.01462,9.98572,0.88356,0.0013194,0.0013194,0.0129853,0.001149
438,-174.3,-174.3,-173.22624,-179,-183,-182.03934,-1.07376,-1.07376,3.03934,-0.96066,1.15297,1.15297,9.2376,0.92286,0.0014993,0.0014993,0.0120125,0.0012001
439,-174.4,-174.4,-173.34571,-179.1,-183,-182.01866,-1.05429,-1.05429,2.91866,-0.98134,1.11152,1.11152,8.5186,0.96302,0.0014454,0.0014454,0.0110775,0.0012523
440,-174.6,-174.6,-173.51176,-179.2,-182.9,-181.99799,-1.08824,-1.08824,2.79799,-0.90201,1.18427,1.18427,7.82873,0.81363,0.00154,0.00154,0.0101804,0.001058
441,-174.8,-174.8,-173.73417,-179.2,-182.9,-181.97731,-1.06583,-1.06583,2.77731,-0.92269,1.136,1.136,7.71344,0.85136,0.0014772,0.0014772,0.0100305,0.0011071
442,-175.1,-175.1,-173.95658,-179.3,-182.9,-181.95663,-1.14342,-1.14342,2.65663,-0.94337,1.30742,1.30742,7.05769,0.88995,0.0017002,0.0017002,0.0091777,0.0011573
443,-175.4,-175.4,-174.17898,-179.4,-182.9,-181.93595,-1.22102,-1.22102,2.53595,-0.96405,1.49088,1.49088,6.43106,0.92939,0.0019387,0.0019387,0.0083629,0.0012086
444,-175.7,-175.7,-174.40139,-179.5,-182.9,-181.91528,-1.29861,-1.29861,2.41528,-0.98472,1.68638,1.68638,5.83355,0.96968,0.0021929,0.0021929,0.0075859,0.001261
445,-176,-176,-174.6238,-179.6,-182.9,-181.8946,-1.3762,-1.3762,2.2946,-1.0054,1.89392,1.89392,5.26518,1.01083,0.0024628,0.0024628,0.0068468,0.0013145
446,-176.2,-176.2,-174.8599,-179.7,-182.9,-181.87392,-1.3401,-1.3401,2.17392,-1.02608,1.79587,1.79587,4.72593,1.05284,0.0023353,0.0023353,0.0061455,0.0013691
447,-176.4,-176.4,-175.056,-179.8,-182.9,-181.85324,-1.344,-1.344,2.05324,-1.04676,1.80633,1.80633,4.2158,1.0957,0.0023489,0.0023489,0.0054822,0.0014248
448,-176.6,-176.6,-175.25211,-179.9,-182.8,-181.83256,-1.34789,-1.34789,1.93256,-0.96744,1.81681,1.81681,3.7348,0.93593,0.0023626,0.0023626,0.0048567,0.0012171
449,-176.7,-176.7,-175.42906,-180,-182.8,-181.81189,-1.27094,-1.27094,1.81189,-0.98811,1.61528,1.61528,3.28293,0.97637,0.0021005,0.0021005,0.0042691,0.0012697
450,-176.8,-176.8,-175.55635,-180.1,-182.8,-181.79121,-1.24365,-1.24365,1.69121,-1.00879,1.54667,1.54667,2.86019,1.01766,0.0020113,0.0020113,0.0037194,0.0013234
451,-176.8,-176.8,-175.6176,-180.2,-182.8,-181.77677,-1.1824,-1.1824,1.57677,-1.02323,1.39807,1.39807,2.48621,1.047,0.001818,0.001818,0.003233,0.0013615
452,-176.7,-176.7,-175.60475,-180.3,-182.8,-181.76324,-1.09525,-1.09525,1.46324,-1.03676,1.19957,1.19957,2.14108,1.07486,0.0015599,0.0015599,0.0027842,0.0013977
453,-176.7,-176.7,-175.56058,-180.4,-182.8,-181.74972,-1.13942,-1.13942,1.34972,-1.05028,1.29829,1.29829,1.82173,1.1031,0.0016883,0.0016883,0.002369,0.0014345
454,-176.6,-176.6,-175.5164,-180.5,-182.8,-181.73619,-1.0836,-1.0836,1.23619,-1.06381,1.17419,1.17419,1.52816,1.1317,0.0015269,0.0015269,0.0019872,0.0014716
455,-176.5,-176.5,-175.47223,-180.6,-182.7,-181.72266,-1.02777,-1.02777,1.12266,-0.97734,1.05632,1.05632,1.26036,0.95519,0.0013736,0.0013736,0.001639,0.0012421
456,-176.5,-176.5,-175.42805,-180.7,-182.7,-181.70913,-1.07195,-1.07195,1.00913,-0.99087,1.14908,1.14908,1.01835,0.98182,0.0014942,0.0014942,0.0013242,0.0012768
457,-176.4,-176.4,-175.38387,-180.8,-182.7,-181.6956,-1.01613,-1.01613,0.8956,-1.0044,1.03251,1.03251,0.8021,1.00881,0.0013427,0.0013427,0.001043,0.0013119
458,-176.3,-176.3,-175.3397,-180.8,-182.7,-181.68208,-0.9603,-0.9603,0.88208,-1.01792,0.92218,0.92218,0.77806,1.03617,0.0011992,0.0011992,0.0010118,0.0013474
459,-176.3,-176.3,-175.29552,-180.9,-182.7,-181.66855,-1.00448,-1.00448,0.76855,-1.03145,1.00897,1.00897,0.59066,1.0639,0.0013121,0.0013121,0.0007681,0.0013835
460,-176.3,-176.3,-175.24722,-181,-182.6,-181.65502,-1.05278,-1.05278,0.65502,-0.94498,1.10835,1.10835,0.42905,0.89299,0.0014413,0.0014413,0.0005579,0.0011612
461,-176.2,-176.2,-175.15872,-181.1,-182.6,-181.64149,-1.04128,-1.04128,0.54149,-0.95851,1.08426,1.08426,0.29321,0.91874,0.00141,0.00141,0.0003813,0.0011947
462,-176.2,-176.2,-175.06426,-181.1,-182.6,-181.62796,-1.13574,-1.13574,0.52796,-0.97204,1.28991,1.28991,0.27874,0.94486,0.0016774,0.0016774,0.0003625,0.0012287
463,-176.2,-176.2,-174.94716,-181.2,-182.6,-181.61443,-1.25284,-1.25284,0.41443,-0.98557,1.56962,1.56962,0.17176,0.97134,0.0020411,0.0020411,0.0002233,0.0012631
464,-176.1,-176.1,-174.92633,-181.3,-182.5,-181.60091,-1.17367,-1.17367,0.30091,-0.89909,1.37751,1.37751,0.09054,0.80837,0.0017913,0.0017913,0.0001177,0.0010512
465,-176.1,-176.1,-174.92481,-181.3,-182.5,-181.58738,-1.17519,-1.17519,0.28738,-0.91262,1.38108,1.38108,0.08259,0.83288,0.0017959,0.0017959,0.0001074,0.0010831
466,-176.1,-176.1,-174.92301,-181.4,-182.5,-181.57385,-1.17699,-1.17699,0.17385,-0.92615,1.38531,1.38531,0.03022,0.85775,0.0018014,0.0018014,0.0000393,0.0011154
467,-176.2,-176.2,-174.97711,-181.4,-182.4,-181.56032,-1.22289,-1.22289,0.16032,-0.83968,1.49545,1.49545,0.0257,0.70506,0.0019447,0.0019447,0.0000334,0.0009169
468,-176.3,-176.3,-175.08643,-181.5,-182.4,-181.54679,-1.21357,-1.21357,0.04679,-0.85321,1.47276,1.47276,0.00219,0.72796,0.0019152,0.0019152,0.0000028,0.0009466
469,-176.4,-176.4,-175.18837,-181.5,-182.4,-181.53327,-1.21163,-1.21163,0.03327,-0.86673,1.46804,1.46804,0.00111,0.75123,0.001909,0.001909,0.0000014,0.0009769
470,-176.6,-176.6,-175.29032,-181.6,-182.4,-181.51974,-1.30968,-1.30968,-0.08026,-0.88026,1.71526,1.71526,0.00644,0.77486,0.0022305,0.0022305,0.0000084,0.0010076
471,-176.8,-176.8,-175.39226,-181.6,-182.3,-181.50621,-1.40774,-1.40774,-0.09379,-0.79379,1.98172,1.98172,0.0088,0.6301,0.002577,0.002577,0.0000114,0.0008194
472,-177.1,-177.1,-175.49421,-181.6,-182.3,-181.49268,-1.60579,-1.60579,-0.10732,-0.80732,2.57856,2.57856,0.01152,0.65176,0.0033531,0.0033531,0.000015,0.0008475
473,-177.3,-177.3,-175.59616,-181.7,-182.3,-181.47915,-1.70384,-1.70384,-0.22085,-0.82085,2.90308,2.90308,0.04877,0.67379,0.0037751,0.0037751,0.0000634,0.0008762
474,-177.5,-177.5,-175.68797,-181.7,-182.2,-181.46563,-1.81203,-1.81203,-0.23437,-0.73437,3.28345,3.28345,0.05493,0.53931,0.0042698,0.0042698,0.0000714,0.0007013
475,-177.7,-177.7,-175.69351,-181.7,-182.2,-181.4521,-2.00649,-2.00649,-0.2479,-0.7479,4.02602,4.02602,0.06146,0.55936,0.0052354,0.0052354,0.0000799,0.0007274
476,-177.9,-177.9,-175.6952,-181.8,-182.1,-181.43857,-2.2048,-2.2048,-0.36143,-0.66143,4.86116,4.86116,0.13063,0.43749,0.0063214,0.0063214,0.0001699,0.0005689
477,-178.1,-178.1,-175.69689,-181.8,-182.1,-181.42504,-2.40311,-2.40311,-0.37496,-0.67496,5.77496,5.77496,0.14059,0.45557,0.0075097,0.0075097,0.0001828,0.0005924
478,-178.2,-178.2,-175.69858,-181.8,-182,-181.41128,-2.50142,-2.50142,-0.38872,-0.58872,6.25713,6.25713,0.15111,0.3466,0.0081367,0.0081367,0.0001965,0.0004507
479,-178.3,-178.3,-175.70027,-181.8,-182,-181.40055,-2.59973,-2.59973,-0.39945,-0.59945,6.75862,6.75862,0.15956,0.35934,0.0087888,0.0087888,0.0002075,0.0004673
480,-178.4,-178.4,-175.70195,-181.8,-182,-181.39115,-2.69805,-2.69805,-0.40885,-0.60885,7.27945,7.27945,0.16716,0.3707,0.0094661,0.0094661,0.0002174,0.0004821
481,-178.5,-178.5,-175.70313,-181.8,-181.9,-181.38174,-2.79687,-2.79687,-0.41826,-0.51826,7.8225,7.8225,0.17494,0.26859,0.0101723,0.0101723,0.0002275,0.0003493
482,-178.6,-178.6,-175.70931,-181.8,-181.9,-181.37137,-2.89069,-2.89069,-0.42863,-0.52863,8.3561,8.3561,0.18372,0.27945,0.0108662,0.0108662,0.0002389,0.0003634
483,-178.6,-178.6,-175.7169,-181.8,-181.8,-181.3606,-2.8831,-2.8831,-0.4394,-0.4394,8.31228,8.31228,0.19307,0.19307,0.0108092,0.0108092,0.0002511,0.0002511
484,-178.6,-178.6,-175.72449,-181.8,-181.8,-181.34983,-2.87551,-2.87551,-0.45017,-0.45017,8.26858,8.26858,0.20266,0.20266,0.0107524,0.0107524,0.0002635,0.0002635
485,-178.7,-178.7,-175.73208,-181.8,-181.7,-181.33906,-2.96792,-2.96792,-0.46094,-0.36094,8.80858,8.80858,0.21247,0.13028,0.0114546,0.0114546,0.0002763,0.0001694
486,-178.7,-178.7,-175.73966,-181.7,-181.6,-181.32828,-2.96034,-2.96034,-0.37172,-0.27172,8.76359,8.76359,0.13817,0.07383,0.0113961,0.0113961,0.0001797,0.000096
487,-178.8,-178.8,-175.73822,-181.7,-181.6,-181.31751,-3.06178,-3.06178,-0.38249,-0.28249,9.37452,9.37452,0.1463,0.0798,0.0121905,0.0121905,0.0001902,0.0001038
488,-178.8,-178.8,-175.72857,-181.7,-181.5,-181.30674,-3.07143,-3.07143,-0.39326,-0.19326,9.4337,9.4337,0.15465,0.03735,0.0122675,0.0122675,0.0002011,0.0000486
489,-178.8,-178.8,-175.72607,-181.7,-181.5,-181.29597,-3.07393,-3.07393,-0.40403,-0.20403,9.44907,9.44907,0.16324,0.04163,0.0122875,0.0122875,0.0002123,0.0000541
490,-178.8,-178.8,-175.72806,-181.6,-181.4,-181.28421,-3.07194,-3.07194,-0.31579,-0.11579,9.43681,9.43681,0.09972,0.01341,0.0122715,0.0122715,0.0001297,0.0000174
491,-178.9,-178.9,-175.73006,-181.6,-181.3,-181.26932,-3.16994,-3.16994,-0.33068,-0.03068,10.04855,10.04855,0.10935,0.00094,0.013067,0.013067,0.0001422,0.0000012
492,-178.9,-178.9,-175.73205,-181.5,-181.3,-181.2544,-3.16795,-3.16795,-0.2456,-0.0456,10.03591,10.03591,0.06032,0.00208,0.0130506,0.0130506,0.0000784,0.0000027
493,-178.9,-178.9,-175.73404,-181.5,-181.2,-181.23686,-3.16596,-3.16596,-0.26314,0.03686,10.02327,10.02327,0.06924,0.00136,0.0130342,0.0130342,0.00009,0.0000018
494,-178.9,-178.9,-175.73604,-181.4,-181.2,-181.21932,-3.16396,-3.16396,-0.18068,0.01932,10.01065,10.01065,0.03264,0.00037,0.0130178,0.0130178,0.0000425,0.0000005
495,-178.9,-178.9,-175.73803,-181.4,-181.1,-181.20178,-3.16197,-3.16197,-0.19822,0.10178,9.99803,9.99803,0.03929,0.01036,0.0130013,0.0130013,0.0000511,0.0000135
496,-178.8,-178.8,-175.73991,-181.3,-181,-181.18184,-3.06009,-3.06009,-0.11816,0.18184,9.36416,9.36416,0.01396,0.03307,0.0121771,0.0121771,0.0000182,0.000043
497,-178.8,-178.8,-175.74086,-181.3,-180.9,-181.15991,-3.05914,-3.05914,-0.14009,0.25991,9.35835,9.35835,0.01963,0.06755,0.0121695,0.0121695,0.0000255,0.0000878
498,-178.7,-178.7,-175.74181,-181.2,-180.9,-181.13798,-2.95819,-2.95819,-0.06202,0.23798,8.75091,8.75091,0.00385,0.05663,0.0113796,0.0113796,0.000005,0.0000736